variable,variable_label_fr,code,label_fr,label_en,label_pt
AGED,Âge détaillé (en différence de millésimes),015,15 ans,,
AGED,Âge détaillé (en différence de millésimes),016,16 ans,,
AGED,Âge détaillé (en différence de millésimes),017,17 ans,,
AGED,Âge détaillé (en différence de millésimes),018,18 ans,,
AGED,Âge détaillé (en différence de millésimes),019,19 ans,,
AGED,Âge détaillé (en différence de millésimes),020,20 ans,,
AGED,Âge détaillé (en différence de millésimes),021,21 ans,,
AGED,Âge détaillé (en différence de millésimes),022,22 ans,,
AGED,Âge détaillé (en différence de millésimes),023,23 ans,,
AGED,Âge détaillé (en différence de millésimes),024,24 ans,,
AGED,Âge détaillé (en différence de millésimes),025,25 ans,,
AGED,Âge détaillé (en différence de millésimes),026,26 ans,,
AGED,Âge détaillé (en différence de millésimes),027,27 ans,,
AGED,Âge détaillé (en différence de millésimes),028,28 ans,,
AGED,Âge détaillé (en différence de millésimes),029,29 ans,,
AGED,Âge détaillé (en différence de millésimes),030,30 ans,,
AGED,Âge détaillé (en différence de millésimes),031,31 ans,,
AGED,Âge détaillé (en différence de millésimes),032,32 ans,,
AGED,Âge détaillé (en différence de millésimes),033,33 ans,,
AGED,Âge détaillé (en différence de millésimes),034,34 ans,,
AGED,Âge détaillé (en différence de millésimes),035,35 ans,,
AGED,Âge détaillé (en différence de millésimes),036,36 ans,,
AGED,Âge détaillé (en différence de millésimes),037,37 ans,,
AGED,Âge détaillé (en différence de millésimes),038,38 ans,,
AGED,Âge détaillé (en différence de millésimes),039,39 ans,,
AGED,Âge détaillé (en différence de millésimes),040,40 ans,,
AGED,Âge détaillé (en différence de millésimes),041,41 ans,,
AGED,Âge détaillé (en différence de millésimes),042,42 ans,,
AGED,Âge détaillé (en différence de millésimes),043,43 ans,,
AGED,Âge détaillé (en différence de millésimes),044,44 ans,,
AGED,Âge détaillé (en différence de millésimes),045,45 ans,,
AGED,Âge détaillé (en différence de millésimes),046,46 ans,,
AGED,Âge détaillé (en différence de millésimes),047,47 ans,,
AGED,Âge détaillé (en différence de millésimes),048,48 ans,,
AGED,Âge détaillé (en différence de millésimes),049,49 ans,,
AGED,Âge détaillé (en différence de millésimes),050,50 ans,,
AGED,Âge détaillé (en différence de millésimes),051,51 ans,,
AGED,Âge détaillé (en différence de millésimes),052,52 ans,,
AGED,Âge détaillé (en différence de millésimes),053,53 ans,,
AGED,Âge détaillé (en différence de millésimes),054,54 ans,,
AGED,Âge détaillé (en différence de millésimes),055,55 ans,,
AGED,Âge détaillé (en différence de millésimes),056,56 ans,,
AGED,Âge détaillé (en différence de millésimes),057,57 ans,,
AGED,Âge détaillé (en différence de millésimes),058,58 ans,,
AGED,Âge détaillé (en différence de millésimes),059,59 ans,,
AGED,Âge détaillé (en différence de millésimes),060,60 ans,,
AGED,Âge détaillé (en différence de millésimes),061,61 ans,,
AGED,Âge détaillé (en différence de millésimes),062,62 ans,,
AGED,Âge détaillé (en différence de millésimes),063,63 ans,,
AGED,Âge détaillé (en différence de millésimes),064,64 ans,,
AGED,Âge détaillé (en différence de millésimes),065,65 ans,,
AGED,Âge détaillé (en différence de millésimes),066,66 ans,,
AGED,Âge détaillé (en différence de millésimes),067,67 ans,,
AGED,Âge détaillé (en différence de millésimes),068,68 ans,,
AGED,Âge détaillé (en différence de millésimes),069,69 ans,,
AGED,Âge détaillé (en différence de millésimes),070,70 ans,,
AGED,Âge détaillé (en différence de millésimes),071,71 ans,,
AGED,Âge détaillé (en différence de millésimes),072,72 ans,,
AGED,Âge détaillé (en différence de millésimes),073,73 ans,,
AGED,Âge détaillé (en différence de millésimes),074,74 ans,,
AGED,Âge détaillé (en différence de millésimes),075,75 ans,,
AGED,Âge détaillé (en différence de millésimes),076,76 ans,,
AGED,Âge détaillé (en différence de millésimes),077,77 ans,,
AGED,Âge détaillé (en différence de millésimes),078,78 ans,,
AGED,Âge détaillé (en différence de millésimes),079,79 ans,,
AGED,Âge détaillé (en différence de millésimes),080,80 ans,,
AGED,Âge détaillé (en différence de millésimes),081,81 ans,,
AGED,Âge détaillé (en différence de millésimes),082,82 ans,,
AGED,Âge détaillé (en différence de millésimes),083,83 ans,,
AGED,Âge détaillé (en différence de millésimes),084,84 ans,,
AGED,Âge détaillé (en différence de millésimes),085,85 ans,,
AGED,Âge détaillé (en différence de millésimes),086,86 ans,,
AGED,Âge détaillé (en différence de millésimes),087,87 ans,,
AGED,Âge détaillé (en différence de millésimes),088,88 ans,,
AGED,Âge détaillé (en différence de millésimes),089,89 ans,,
AGED,Âge détaillé (en différence de millésimes),090,90 ans,,
AGED,Âge détaillé (en différence de millésimes),091,91 ans,,
AGED,Âge détaillé (en différence de millésimes),092,92 ans,,
AGED,Âge détaillé (en différence de millésimes),093,93 ans,,
AGED,Âge détaillé (en différence de millésimes),094,94 ans,,
AGED,Âge détaillé (en différence de millésimes),095,95 ans,,
AGED,Âge détaillé (en différence de millésimes),096,96 ans,,
AGED,Âge détaillé (en différence de millésimes),097,97 ans,,
AGED,Âge détaillé (en différence de millésimes),098,98 ans,,
AGED,Âge détaillé (en différence de millésimes),099,99 ans,,
AGED,Âge détaillé (en différence de millésimes),100,100 ans,,
AGED,Âge détaillé (en différence de millésimes),101,101 ans,,
AGED,Âge détaillé (en différence de millésimes),102,102 ans,,
AGED,Âge détaillé (en différence de millésimes),103,103 ans,,
AGED,Âge détaillé (en différence de millésimes),104,104 ans,,
AGED,Âge détaillé (en différence de millésimes),105,105 ans,,
AGED,Âge détaillé (en différence de millésimes),106,106 ans,,
AGED,Âge détaillé (en différence de millésimes),107,107 ans,,
AGED,Âge détaillé (en différence de millésimes),108,108 ans,,
AGED,Âge détaillé (en différence de millésimes),111,111 ans,,
AGED,Âge détaillé (en différence de millésimes),112,112 ans,,
AGED,Âge détaillé (en différence de millésimes),115,115 ans,,
AGEREV,Âge en années révolues détaillé,015,15 ans,,
AGEREV,Âge en années révolues détaillé,016,16 ans,,
AGEREV,Âge en années révolues détaillé,017,17 ans,,
AGEREV,Âge en années révolues détaillé,018,18 ans,,
AGEREV,Âge en années révolues détaillé,019,19 ans,,
AGEREV,Âge en années révolues détaillé,020,20 ans,,
AGEREV,Âge en années révolues détaillé,021,21 ans,,
AGEREV,Âge en années révolues détaillé,022,22 ans,,
AGEREV,Âge en années révolues détaillé,023,23 ans,,
AGEREV,Âge en années révolues détaillé,024,24 ans,,
AGEREV,Âge en années révolues détaillé,025,25 ans,,
AGEREV,Âge en années révolues détaillé,026,26 ans,,
AGEREV,Âge en années révolues détaillé,027,27 ans,,
AGEREV,Âge en années révolues détaillé,028,28 ans,,
AGEREV,Âge en années révolues détaillé,029,29 ans,,
AGEREV,Âge en années révolues détaillé,030,30 ans,,
AGEREV,Âge en années révolues détaillé,031,31 ans,,
AGEREV,Âge en années révolues détaillé,032,32 ans,,
AGEREV,Âge en années révolues détaillé,033,33 ans,,
AGEREV,Âge en années révolues détaillé,034,34 ans,,
AGEREV,Âge en années révolues détaillé,035,35 ans,,
AGEREV,Âge en années révolues détaillé,036,36 ans,,
AGEREV,Âge en années révolues détaillé,037,37 ans,,
AGEREV,Âge en années révolues détaillé,038,38 ans,,
AGEREV,Âge en années révolues détaillé,039,39 ans,,
AGEREV,Âge en années révolues détaillé,040,40 ans,,
AGEREV,Âge en années révolues détaillé,041,41 ans,,
AGEREV,Âge en années révolues détaillé,042,42 ans,,
AGEREV,Âge en années révolues détaillé,043,43 ans,,
AGEREV,Âge en années révolues détaillé,044,44 ans,,
AGEREV,Âge en années révolues détaillé,045,45 ans,,
AGEREV,Âge en années révolues détaillé,046,46 ans,,
AGEREV,Âge en années révolues détaillé,047,47 ans,,
AGEREV,Âge en années révolues détaillé,048,48 ans,,
AGEREV,Âge en années révolues détaillé,049,49 ans,,
AGEREV,Âge en années révolues détaillé,050,50 ans,,
AGEREV,Âge en années révolues détaillé,051,51 ans,,
AGEREV,Âge en années révolues détaillé,052,52 ans,,
AGEREV,Âge en années révolues détaillé,053,53 ans,,
AGEREV,Âge en années révolues détaillé,054,54 ans,,
AGEREV,Âge en années révolues détaillé,055,55 ans,,
AGEREV,Âge en années révolues détaillé,056,56 ans,,
AGEREV,Âge en années révolues détaillé,057,57 ans,,
AGEREV,Âge en années révolues détaillé,058,58 ans,,
AGEREV,Âge en années révolues détaillé,059,59 ans,,
AGEREV,Âge en années révolues détaillé,060,60 ans,,
AGEREV,Âge en années révolues détaillé,061,61 ans,,
AGEREV,Âge en années révolues détaillé,062,62 ans,,
AGEREV,Âge en années révolues détaillé,063,63 ans,,
AGEREV,Âge en années révolues détaillé,064,64 ans,,
AGEREV,Âge en années révolues détaillé,065,65 ans,,
AGEREV,Âge en années révolues détaillé,066,66 ans,,
AGEREV,Âge en années révolues détaillé,067,67 ans,,
AGEREV,Âge en années révolues détaillé,068,68 ans,,
AGEREV,Âge en années révolues détaillé,069,69 ans,,
AGEREV,Âge en années révolues détaillé,070,70 ans,,
AGEREV,Âge en années révolues détaillé,071,71 ans,,
AGEREV,Âge en années révolues détaillé,072,72 ans,,
AGEREV,Âge en années révolues détaillé,073,73 ans,,
AGEREV,Âge en années révolues détaillé,074,74 ans,,
AGEREV,Âge en années révolues détaillé,075,75 ans,,
AGEREV,Âge en années révolues détaillé,076,76 ans,,
AGEREV,Âge en années révolues détaillé,077,77 ans,,
AGEREV,Âge en années révolues détaillé,078,78 ans,,
AGEREV,Âge en années révolues détaillé,079,79 ans,,
AGEREV,Âge en années révolues détaillé,080,80 ans,,
AGEREV,Âge en années révolues détaillé,081,81 ans,,
AGEREV,Âge en années révolues détaillé,082,82 ans,,
AGEREV,Âge en années révolues détaillé,083,83 ans,,
AGEREV,Âge en années révolues détaillé,084,84 ans,,
AGEREV,Âge en années révolues détaillé,085,85 ans,,
AGEREV,Âge en années révolues détaillé,086,86 ans,,
AGEREV,Âge en années révolues détaillé,087,87 ans,,
AGEREV,Âge en années révolues détaillé,088,88 ans,,
AGEREV,Âge en années révolues détaillé,089,89 ans,,
AGEREV,Âge en années révolues détaillé,090,90 ans,,
AGEREV,Âge en années révolues détaillé,091,91 ans,,
AGEREV,Âge en années révolues détaillé,092,92 ans,,
AGEREV,Âge en années révolues détaillé,093,93 ans,,
AGEREV,Âge en années révolues détaillé,094,94 ans,,
AGEREV,Âge en années révolues détaillé,095,95 ans,,
AGEREV,Âge en années révolues détaillé,096,96 ans,,
AGEREV,Âge en années révolues détaillé,097,97 ans,,
AGEREV,Âge en années révolues détaillé,098,98 ans,,
AGEREV,Âge en années révolues détaillé,099,99 ans,,
AGEREV,Âge en années révolues détaillé,100,100 ans,,
AGEREV,Âge en années révolues détaillé,101,101 ans,,
AGEREV,Âge en années révolues détaillé,102,102 ans,,
AGEREV,Âge en années révolues détaillé,103,103 ans,,
AGEREV,Âge en années révolues détaillé,104,104 ans,,
AGEREV,Âge en années révolues détaillé,105,105 ans,,
AGEREV,Âge en années révolues détaillé,106,106 ans,,
AGEREV,Âge en années révolues détaillé,107,107 ans,,
AGEREV,Âge en années révolues détaillé,110,110 ans,,
AGEREV,Âge en années révolues détaillé,111,111 ans,,
AGEREV,Âge en années révolues détaillé,115,115 ans,,
AGEREVQ,Âge quinquennal en années révolues,015,15 à 19 ans,,
AGEREVQ,Âge quinquennal en années révolues,020,20 à 24 ans,,
AGEREVQ,Âge quinquennal en années révolues,025,25 à 29 ans,,
AGEREVQ,Âge quinquennal en années révolues,030,30 à 34 ans,,
AGEREVQ,Âge quinquennal en années révolues,035,35 à 39 ans,,
AGEREVQ,Âge quinquennal en années révolues,040,40 à 44 ans,,
AGEREVQ,Âge quinquennal en années révolues,045,45 à 49 ans,,
AGEREVQ,Âge quinquennal en années révolues,050,50 à 54 ans,,
AGEREVQ,Âge quinquennal en années révolues,055,55 à 59 ans,,
AGEREVQ,Âge quinquennal en années révolues,060,60 à 64 ans,,
AGEREVQ,Âge quinquennal en années révolues,065,65 à 69 ans,,
AGEREVQ,Âge quinquennal en années révolues,070,70 à 74 ans,,
AGEREVQ,Âge quinquennal en années révolues,075,75 à 79 ans,,
AGEREVQ,Âge quinquennal en années révolues,080,80 à 84 ans,,
AGEREVQ,Âge quinquennal en années révolues,085,85 à 89 ans,,
AGEREVQ,Âge quinquennal en années révolues,090,90 à 94 ans,,
AGEREVQ,Âge quinquennal en années révolues,095,95 à 99 ans,,
AGEREVQ,Âge quinquennal en années révolues,100,100 à 104 ans,,
AGEREVQ,Âge quinquennal en années révolues,105,105 à 109 ans,,
AGEREVQ,Âge quinquennal en années révolues,110,110 à 114 ans,,
AGEREVQ,Âge quinquennal en années révolues,115,115 à 119 ans,,
ANAI,Année de naissance,1900,Année  1900,,
ANAI,Année de naissance,1908,Année  1908,,
ANAI,Année de naissance,1910,Année  1910,,
ANAI,Année de naissance,1911,Année  1911,,
ANAI,Année de naissance,1913,Année  1913,,
ANAI,Année de naissance,1914,Année  1914,,
ANAI,Année de naissance,1916,Année  1916,,
ANAI,Année de naissance,1917,Année  1917,,
ANAI,Année de naissance,1918,Année  1918,,
ANAI,Année de naissance,1919,Année  1919,,
ANAI,Année de naissance,1920,Année  1920,,
ANAI,Année de naissance,1921,Année  1921,,
ANAI,Année de naissance,1922,Année  1922,,
ANAI,Année de naissance,1923,Année  1923,,
ANAI,Année de naissance,1924,Année  1924,,
ANAI,Année de naissance,1925,Année  1925,,
ANAI,Année de naissance,1926,Année  1926,,
ANAI,Année de naissance,1927,Année  1927,,
ANAI,Année de naissance,1928,Année  1928,,
ANAI,Année de naissance,1929,Année  1929,,
ANAI,Année de naissance,1930,Année  1930,,
ANAI,Année de naissance,1931,Année  1931,,
ANAI,Année de naissance,1932,Année  1932,,
ANAI,Année de naissance,1933,Année  1933,,
ANAI,Année de naissance,1934,Année  1934,,
ANAI,Année de naissance,1935,Année  1935,,
ANAI,Année de naissance,1936,Année  1936,,
ANAI,Année de naissance,1937,Année  1937,,
ANAI,Année de naissance,1938,Année  1938,,
ANAI,Année de naissance,1939,Année  1939,,
ANAI,Année de naissance,1940,Année  1940,,
ANAI,Année de naissance,1941,Année  1941,,
ANAI,Année de naissance,1942,Année  1942,,
ANAI,Année de naissance,1943,Année  1943,,
ANAI,Année de naissance,1944,Année  1944,,
ANAI,Année de naissance,1945,Année  1945,,
ANAI,Année de naissance,1946,Année  1946,,
ANAI,Année de naissance,1947,Année  1947,,
ANAI,Année de naissance,1948,Année  1948,,
ANAI,Année de naissance,1949,Année  1949,,
ANAI,Année de naissance,1950,Année  1950,,
ANAI,Année de naissance,1951,Année  1951,,
ANAI,Année de naissance,1952,Année  1952,,
ANAI,Année de naissance,1953,Année  1953,,
ANAI,Année de naissance,1954,Année  1954,,
ANAI,Année de naissance,1955,Année  1955,,
ANAI,Année de naissance,1956,Année  1956,,
ANAI,Année de naissance,1957,Année  1957,,
ANAI,Année de naissance,1958,Année  1958,,
ANAI,Année de naissance,1959,Année  1959,,
ANAI,Année de naissance,1960,Année  1960,,
ANAI,Année de naissance,1961,Année  1961,,
ANAI,Année de naissance,1962,Année  1962,,
ANAI,Année de naissance,1963,Année  1963,,
ANAI,Année de naissance,1964,Année  1964,,
ANAI,Année de naissance,1965,Année  1965,,
ANAI,Année de naissance,1966,Année  1966,,
ANAI,Année de naissance,1967,Année  1967,,
ANAI,Année de naissance,1968,Année  1968,,
ANAI,Année de naissance,1969,Année  1969,,
ANAI,Année de naissance,1970,Année  1970,,
ANAI,Année de naissance,1971,Année  1971,,
ANAI,Année de naissance,1972,Année  1972,,
ANAI,Année de naissance,1973,Année  1973,,
ANAI,Année de naissance,1974,Année  1974,,
ANAI,Année de naissance,1975,Année  1975,,
ANAI,Année de naissance,1976,Année  1976,,
ANAI,Année de naissance,1977,Année  1977,,
ANAI,Année de naissance,1978,Année  1978,,
ANAI,Année de naissance,1979,Année  1979,,
ANAI,Année de naissance,1980,Année  1980,,
ANAI,Année de naissance,1981,Année  1981,,
ANAI,Année de naissance,1982,Année  1982,,
ANAI,Année de naissance,1983,Année  1983,,
ANAI,Année de naissance,1984,Année  1984,,
ANAI,Année de naissance,1985,Année  1985,,
ANAI,Année de naissance,1986,Année  1986,,
ANAI,Année de naissance,1987,Année  1987,,
ANAI,Année de naissance,1988,Année  1988,,
ANAI,Année de naissance,1989,Année  1989,,
ANAI,Année de naissance,1990,Année  1990,,
ANAI,Année de naissance,1991,Année  1991,,
ANAI,Année de naissance,1992,Année  1992,,
ANAI,Année de naissance,1993,Année  1993,,
ANAI,Année de naissance,1994,Année  1994,,
ANAI,Année de naissance,1995,Année  1995,,
ANAI,Année de naissance,1996,Année  1996,,
ANAI,Année de naissance,1997,Année  1997,,
ANAI,Année de naissance,1998,Année  1998,,
ANAI,Année de naissance,1999,Année  1999,,
ANAI,Année de naissance,2000,Année  2000,,
ANAI,Année de naissance,2001,Année  2001,,
ANAI,Année de naissance,2002,Année  2002,,
ANAI,Année de naissance,2003,Année  2003,,
ANAI,Année de naissance,2004,Année  2004,,
ANAI,Année de naissance,2005,Année  2005,,
ANAI,Année de naissance,2006,Année 2006,,
ANAI,Année de naissance,2007,Année 2007,,
ANAI,Année de naissance,2008,Année 2008,,
ANAI,Année de naissance,2009,Année 2009,,
CS,Catégorie socioprofessionnelle en 29 postes,10,"Exploitants de l'agriculture, sylviculture, pêche et aquaculture",,
CS,Catégorie socioprofessionnelle en 29 postes,21,Artisans,,
CS,Catégorie socioprofessionnelle en 29 postes,22,Commerçants et assimilés,,
CS,Catégorie socioprofessionnelle en 29 postes,23,Chefs d'entreprise de plus de 10 personnes,,
CS,Catégorie socioprofessionnelle en 29 postes,31,Professions libérales,,
CS,Catégorie socioprofessionnelle en 29 postes,33,Cadres administratifs et techniques de la fonction publique,,
CS,Catégorie socioprofessionnelle en 29 postes,34,Professeurs et professions scientifiques supérieures,,
CS,Catégorie socioprofessionnelle en 29 postes,35,"Professions de l'information, de l'art et des spectacles",,
CS,Catégorie socioprofessionnelle en 29 postes,37,Cadres des services administratifs et commerciaux d'entreprise,,
CS,Catégorie socioprofessionnelle en 29 postes,38,Ingénieurs et cadres techniques d'entreprise,,
CS,Catégorie socioprofessionnelle en 29 postes,42,"Professions de l'enseignement primaire et professionnel, de la formation continue et du sport",,
CS,Catégorie socioprofessionnelle en 29 postes,43,Professions intermédiaires de la santé et du travail social,,
CS,Catégorie socioprofessionnelle en 29 postes,44,Ministres du culte et religieux consacrés,,
CS,Catégorie socioprofessionnelle en 29 postes,45,"Professions intermédiaires de la fonction publique (administration, sécurité)",,
CS,Catégorie socioprofessionnelle en 29 postes,46,Professions intermédiaires administratives et commerciales des entreprises,,
CS,Catégorie socioprofessionnelle en 29 postes,47,Techniciens,,
CS,Catégorie socioprofessionnelle en 29 postes,48,Agents de maîtrise (hors maîtrise administrative),,
CS,Catégorie socioprofessionnelle en 29 postes,52,"Employés administratifs de la fonction publique, agents de service et auxiliaires de santé",,
CS,Catégorie socioprofessionnelle en 29 postes,53,"Policiers, militaires, pompiers, agents de sécurité privée",,
CS,Catégorie socioprofessionnelle en 29 postes,54,Employés administratifs d'entreprise,,
CS,Catégorie socioprofessionnelle en 29 postes,55,Employés de commerce,,
CS,Catégorie socioprofessionnelle en 29 postes,56,Personnels des services directs aux particuliers,,
CS,Catégorie socioprofessionnelle en 29 postes,62,Ouvriers qualifiés de type industriel,,
CS,Catégorie socioprofessionnelle en 29 postes,63,Ouvriers qualifiés de type artisanal,,
CS,Catégorie socioprofessionnelle en 29 postes,64,"Conducteurs de véhicules de transport, chauffeurs-livreurs, coursiers",,
CS,Catégorie socioprofessionnelle en 29 postes,65,"Conducteurs d'engins, caristes, magasiniers et ouvriers du transport (non routier)",,
CS,Catégorie socioprofessionnelle en 29 postes,67,Ouvriers peu qualifiés de type industriel,,
CS,Catégorie socioprofessionnelle en 29 postes,68,Ouvriers peu qualifiés de type artisanal,,
CS,Catégorie socioprofessionnelle en 29 postes,69,"Ouvriers agricoles, des travaux forestiers, de la pêche et de l'aquaculture",,
DIPL,Diplôme le plus élevé,01,Pas de scolarité ou arrêt avant la fin du primaire,,
DIPL,Diplôme le plus élevé,02,Aucun diplôme et scolarité interrompue à la fin du primaire ou avant la fin du collège,,
DIPL,Diplôme le plus élevé,03,Aucun diplôme et scolarité jusqu’à la fin du collège ou au-delà,,
DIPL,Diplôme le plus élevé,11,CEP (certificat d’études primaires),,
DIPL,Diplôme le plus élevé,12,"BEPC, brevet élémentaire, brevet des collèges, DNB",,
DIPL,Diplôme le plus élevé,13,"CAP, BEP ou diplôme de niveau équivalent",,
DIPL,Diplôme le plus élevé,14,"Baccalauréat général ou technologique, brevet supérieur, capacité en droit, DAEU, ESEU",,
DIPL,Diplôme le plus élevé,15,"Baccalauréat professionnel, brevet professionnel, de technicien ou d’enseignement, diplôme équivalent",,
DIPL,Diplôme le plus élevé,16,"BTS, DUT, Deug, Deust, diplôme de la santé ou du social de niveau bac+2, diplôme équivalent",,
DIPL,Diplôme le plus élevé,17,"Licence, licence pro, maîtrise, diplôme équivalent de niveau bac+3 ou bac+4",,
DIPL,Diplôme le plus élevé,18,"Master, DEA, DESS, diplôme grande école niveau bac+5, doctorat de santé",,
DIPL,Diplôme le plus élevé,19,Doctorat de recherche (hors santé),,
EMPL,Condition d'emploi,11,En contrat d'apprentissage ou de professionnalisation,,
EMPL,Condition d'emploi,12,Placés par une agence d'intérim,,
EMPL,Condition d'emploi,13,"Emplois aidés (contrat unique d'insertion, d'initiative emploi, d'accompagnement dans l'emploi, avenir, etc.)",,
EMPL,Condition d'emploi,14,Stagiaires rémunérés en entreprise,,
EMPL,Condition d'emploi,15,"Autres emplois à durée limitée, CDD, contrat court, saisonnier, vacataire, etc.",,
EMPL,Condition d'emploi,16,"Emplois sans limite de durée, CDI, titulaire de la fonction publique",,
EMPL,Condition d'emploi,21,Non salariés : Indépendants,,
EMPL,Condition d'emploi,22,Non salariés : Employeurs,,
EMPL,Condition d'emploi,23,Non salariés : Aides familiaux,,
GS,Groupe socioprofessionnel en 6 postes,1,Agriculteur,,
GS,Groupe socioprofessionnel en 6 postes,2,"Artisan, commerçant et chef d'entreprise",,
GS,Groupe socioprofessionnel en 6 postes,3,Cadres,,
GS,Groupe socioprofessionnel en 6 postes,4,Profession intermédiaire,,
GS,Groupe socioprofessionnel en 6 postes,5,Employé,,
GS,Groupe socioprofessionnel en 6 postes,6,Ouvrier,,
ILETUDLT,Indicateur du lieu d'études par rapport au lieu de travail,1,Dans la zone d'emploi,,
ILETUDLT,Indicateur du lieu d'études par rapport au lieu de travail,2,"Ailleurs, dans le (un) département de la zone d'emploi",,
ILETUDLT,Indicateur du lieu d'études par rapport au lieu de travail,3,"Ailleurs, dans la (une) région de la zone d'emploi",,
ILETUDLT,Indicateur du lieu d'études par rapport au lieu de travail,4,Dans une autre région: France métropolitaine,,
ILETUDLT,Indicateur du lieu d'études par rapport au lieu de travail,5,Dans une autre région: DOM (y compris Mayotte),,
ILETUDLT,Indicateur du lieu d'études par rapport au lieu de travail,6,Dans une autre région: COM,,
ILETUDLT,Indicateur du lieu d'études par rapport au lieu de travail,7,A l'étranger,,
ILETUDLT,Indicateur du lieu d'études par rapport au lieu de travail,Z,Sans objet (pas d'inscription dans un établissement d'enseignement),,
ILRLT,Indicateur du lieu de résidence par rapport au lieu de travail,1,Dans la zone d'emploi,,
ILRLT,Indicateur du lieu de résidence par rapport au lieu de travail,2,"Ailleurs, dans le (un) département de la zone d'emploi",,
ILRLT,Indicateur du lieu de résidence par rapport au lieu de travail,3,"Ailleurs, dans la (une) région de la zone d'emploi",,
ILRLT,Indicateur du lieu de résidence par rapport au lieu de travail,4,Dans une autre région: France métropolitaine,,
ILRLT,Indicateur du lieu de résidence par rapport au lieu de travail,5,Dans une autre région: DOM,,
IPONDI,Poids de l'individu,nan,nan,,
IRANLT,Indicateur de résidence antérieure au 1er janvier de l'année précédente (par rapport au lieu de travail),1,Dans la zone d'emploi,,
IRANLT,Indicateur de résidence antérieure au 1er janvier de l'année précédente (par rapport au lieu de travail),2,"Ailleurs, dans le (un) département de la zone d'emploi",,
IRANLT,Indicateur de résidence antérieure au 1er janvier de l'année précédente (par rapport au lieu de travail),3,"Ailleurs, dans la (une) région de la zone d'emploi",,
IRANLT,Indicateur de résidence antérieure au 1er janvier de l'année précédente (par rapport au lieu de travail),4,Dans une autre région : France métropolitaine,,
IRANLT,Indicateur de résidence antérieure au 1er janvier de l'année précédente (par rapport au lieu de travail),5,Dans une autre région : DOM (y compris Mayotte),,
IRANLT,Indicateur de résidence antérieure au 1er janvier de l'année précédente (par rapport au lieu de travail),6,Dans une autre région : COM,,
IRANLT,Indicateur de résidence antérieure au 1er janvier de l'année précédente (par rapport au lieu de travail),7,A l'étranger,,
METRODOMLT,Indicateur Métropole ou DOM du lieu de travail,D,DOM,,
METRODOMLT,Indicateur Métropole ou DOM du lieu de travail,M,France métropolitaine,,
NA10,Activité économique en 10 postes (NA - A10),AZ,"Agriculture, sylviculture et pêche",,
NA10,Activité économique en 10 postes (NA - A10),BE,"Industries manufacturières, industries extractives et autres",,
NA10,Activité économique en 10 postes (NA - A10),FZ,Construction,,
NA10,Activité économique en 10 postes (NA - A10),GI,"Commerce de gros et de détail, transports, hébergement et restauration",,
NA10,Activité économique en 10 postes (NA - A10),JZ,Information et communication,,
NA10,Activité économique en 10 postes (NA - A10),KZ,Activités financières et d'assurance,,
NA10,Activité économique en 10 postes (NA - A10),LZ,Activités immobilières,,
NA10,Activité économique en 10 postes (NA - A10),MN,"Activités spécialisées, scientifiques et techniques et activités de services administratifs et de soutien",,
NA10,Activité économique en 10 postes (NA - A10),OQ,"Administration publique, enseignement, santé humaine et action sociale",,
NA10,Activité économique en 10 postes (NA - A10),RU,Autres activités de services,,
NA17,Activité économique en 17 postes (NA - A17),AZ,"Agriculture, sylviculture et pêche",,
NA17,Activité économique en 17 postes (NA - A17),C1,"Fabrication de denrées alimentaires, de boissons et  de produits à base de tabac",,
NA17,Activité économique en 17 postes (NA - A17),C2,Cokéfaction et raffinage,,
NA17,Activité économique en 17 postes (NA - A17),C3,"Fabrication d'équipements électriques, électroniques, informatiques ; fabrication de machines",,
NA17,Activité économique en 17 postes (NA - A17),C4,Fabrication de matériels de transport,,
NA17,Activité économique en 17 postes (NA - A17),C5,Fabrication d'autres produits industriels,,
NA17,Activité économique en 17 postes (NA - A17),DE,"Industries extractives, énergie, eau, gestion des déchets et dépollution",,
NA17,Activité économique en 17 postes (NA - A17),FZ,Construction,,
NA17,Activité économique en 17 postes (NA - A17),GZ,Commerce ; réparation d'automobiles et de motocycles,,
NA17,Activité économique en 17 postes (NA - A17),HZ,Transports et entreposage,,
NA17,Activité économique en 17 postes (NA - A17),IZ,Hébergement et restauration,,
NA17,Activité économique en 17 postes (NA - A17),JZ,Information et communication,,
NA17,Activité économique en 17 postes (NA - A17),KZ,Activités financières et d'assurance,,
NA17,Activité économique en 17 postes (NA - A17),LZ,Activités immobilières,,
NA17,Activité économique en 17 postes (NA - A17),MN,Activités scientifiques et techniques ; services administratifs et de soutien,,
NA17,Activité économique en 17 postes (NA - A17),OQ,"Administration publique, enseignement, santé humaine et action sociale",,
NA17,Activité économique en 17 postes (NA - A17),RU,Autres activités de services,,
NA38,Activité économique en 38 postes (NA - A38),AZ,"Agriculture, sylviculture et pêche",,
NA38,Activité économique en 38 postes (NA - A38),BZ,Industries extractives,,
NA38,Activité économique en 38 postes (NA - A38),CA,"Fabrication de denrées alimentaires, de boissons et de produits à base de tabac",,
NA38,Activité économique en 38 postes (NA - A38),CB,"Fabrication de textiles, industries de l'habillement, industrie du cuir et de la chaussure",,
NA38,Activité économique en 38 postes (NA - A38),CC,"Travail du bois, industries du papier et imprimerie",,
NA38,Activité économique en 38 postes (NA - A38),CD,Cokéfaction et raffinage,,
NA38,Activité économique en 38 postes (NA - A38),CE,Industrie chimique,,
NA38,Activité économique en 38 postes (NA - A38),CF,Industrie pharmaceutique,,
NA38,Activité économique en 38 postes (NA - A38),CG,Fabrication de produits en caoutchouc et en plastique ainsi que d'autres produits minéraux non métalliques,,
NA38,Activité économique en 38 postes (NA - A38),CH,Métallurgie et fabrication de produits métalliques à l'exception des machines et des équipements,,
NA38,Activité économique en 38 postes (NA - A38),CI,"Fabrication de produits informatiques, électroniques et optiques",,
NA38,Activité économique en 38 postes (NA - A38),CJ,Fabrication d'équipements électriques,,
NA38,Activité économique en 38 postes (NA - A38),CK,Fabrication de machines et équipements (non compris ailleurs),,
NA38,Activité économique en 38 postes (NA - A38),CL,Fabrication de matériels de transport,,
NA38,Activité économique en 38 postes (NA - A38),CM,Autres industries manufacturières ; réparation et installation de machines et d'équipements,,
NA38,Activité économique en 38 postes (NA - A38),DZ,"Production et distribution d'électricité, de gaz, de vapeur et d'air conditionné",,
NA38,Activité économique en 38 postes (NA - A38),EZ,"Production et distribution d'eau ; assainissement, gestion des déchets et dépollution",,
NA38,Activité économique en 38 postes (NA - A38),FZ,Construction,,
NA38,Activité économique en 38 postes (NA - A38),GZ,Commerce ; réparation d'automobiles et de motocycles,,
NA38,Activité économique en 38 postes (NA - A38),HZ,Transports et entreposage,,
NA38,Activité économique en 38 postes (NA - A38),IZ,Hébergement et restauration,,
NA38,Activité économique en 38 postes (NA - A38),JA,"Edition, audiovisuel et diffusion",,
NA38,Activité économique en 38 postes (NA - A38),JB,Télécommunications,,
NA38,Activité économique en 38 postes (NA - A38),JC,Activités informatiques et services d'information,,
NA38,Activité économique en 38 postes (NA - A38),KZ,Activités financières et d'assurance,,
NA38,Activité économique en 38 postes (NA - A38),LZ,Activités immobilières,,
NA38,Activité économique en 38 postes (NA - A38),MA,"Activités juridiques, comptables, de gestion, d'architecture, d'ingénierie, de contrôle et d'analyses techniques",,
NA38,Activité économique en 38 postes (NA - A38),MB,Recherche-développement scientifique,,
NA38,Activité économique en 38 postes (NA - A38),MC,"Autres activités spécialisées, scientifiques et techniques",,
NA38,Activité économique en 38 postes (NA - A38),NZ,Activités de services administratifs et de soutien,,
NA38,Activité économique en 38 postes (NA - A38),OZ,Administration publique,,
NA38,Activité économique en 38 postes (NA - A38),PZ,Enseignement,,
NA38,Activité économique en 38 postes (NA - A38),QA,Activités pour la santé humaine,,
NA38,Activité économique en 38 postes (NA - A38),QB,Hébergement médico-social et social et action sociale sans hébergement,,
NA38,Activité économique en 38 postes (NA - A38),RZ,"Arts, spectacles et activités récréatives",,
NA38,Activité économique en 38 postes (NA - A38),SZ,Autres activités de services,,
NA38,Activité économique en 38 postes (NA - A38),TZ,Activités des ménages en tant qu'employeurs ; activités indifférenciées des ménages en tant que producteurs de biens et services pour usage propre,,
NA38,Activité économique en 38 postes (NA - A38),UZ,Activités extra-territoriales,,
NA5,Activité économique regroupée en 5 postes,AZ,"Agriculture, sylviculture et pêche",,
NA5,Activité économique regroupée en 5 postes,BE,"Industrie manufacturière, industries extractives  et autres",,
NA5,Activité économique regroupée en 5 postes,FZ,Construction,,
NA5,Activité économique regroupée en 5 postes,GU,"Commerce, transports et services divers",,
NA5,Activité économique regroupée en 5 postes,OQ,"Administration publique, enseignement, santé humaine et action sociale",,
NA64,Activité économique en 64 postes (NA - A64),AZ1,"Culture et production animale, chasse et services annexes",,
NA64,Activité économique en 64 postes (NA - A64),AZ2,Sylviculture et exploitation forestière,,
NA64,Activité économique en 64 postes (NA - A64),AZ3,Pêche et aquaculture,,
NA64,Activité économique en 64 postes (NA - A64),BZ0,Industries extractives,,
NA64,Activité économique en 64 postes (NA - A64),CA0,"Fabrication de denrées alimentaires, de boissons et de produits à base de tabac",,
NA64,Activité économique en 64 postes (NA - A64),CB0,"Fabrication de textiles, industrie de l’habillement, industrie du cuir et de la chaussure",,
NA64,Activité économique en 64 postes (NA - A64),CC1,"Travail du bois et fabrication d'articles en bois et en liège, à l'exception des meubles ; fabrication d'articles en vannerie et sparterie",,
NA64,Activité économique en 64 postes (NA - A64),CC2,Industrie du papier et du carton,,
NA64,Activité économique en 64 postes (NA - A64),CC3,Imprimerie et reproduction d'enregistrements,,
NA64,Activité économique en 64 postes (NA - A64),CD0,Cokéfaction et raffinage,,
NA64,Activité économique en 64 postes (NA - A64),CE0,Industrie chimique,,
NA64,Activité économique en 64 postes (NA - A64),CF0,Industrie pharmaceutique,,
NA64,Activité économique en 64 postes (NA - A64),CG1,Fabrication de produits en caoutchouc et en plastique,,
NA64,Activité économique en 64 postes (NA - A64),CG2,Fabrication d'autres produits minéraux non métalliques,,
NA64,Activité économique en 64 postes (NA - A64),CH1,Métallurgie,,
NA64,Activité économique en 64 postes (NA - A64),CH2,"Fabrication de produits métalliques, à l'exception des machines et des équipements",,
NA64,Activité économique en 64 postes (NA - A64),CI0,"Fabrication de produits informatiques, électroniques et optiques",,
NA64,Activité économique en 64 postes (NA - A64),CJ0,Fabrication d'équipements électriques,,
NA64,Activité économique en 64 postes (NA - A64),CK0,Fabrication de machines et équipements n.c.a.,,
NA64,Activité économique en 64 postes (NA - A64),CL1,Industrie automobile,,
NA64,Activité économique en 64 postes (NA - A64),CL2,Fabrication d'autres matériels de transport,,
NA64,Activité économique en 64 postes (NA - A64),CM1,Autres industries manufacturières n.c.a.,,
NA64,Activité économique en 64 postes (NA - A64),CM2,Réparation et installation de machines et d'équipements,,
NA64,Activité économique en 64 postes (NA - A64),DZ0,"Production et distribution d'électricité, de gaz, de vapeur et d'air conditionné",,
NA64,Activité économique en 64 postes (NA - A64),EZ1,"Captage, traitement et distribution d'eau",,
NA64,Activité économique en 64 postes (NA - A64),EZ2,"Collecte et traitement des eaux usées, traitement des déchets et dépollution",,
NA64,Activité économique en 64 postes (NA - A64),FZ0,Construction,,
NA64,Activité économique en 64 postes (NA - A64),GZ1,Commerce et réparation d'automobiles et de motocycles,,
NA64,Activité économique en 64 postes (NA - A64),GZ2,"Commerce de gros, à l'exception des automobiles et des motocycles",,
NA64,Activité économique en 64 postes (NA - A64),GZ3,"Commerce de détail, à l'exception des automobiles et des motocycles",,
NA64,Activité économique en 64 postes (NA - A64),HZ1,Transports terrestres et transport par conduites,,
NA64,Activité économique en 64 postes (NA - A64),HZ2,Transports par eau,,
NA64,Activité économique en 64 postes (NA - A64),HZ3,Transports aériens,,
NA64,Activité économique en 64 postes (NA - A64),HZ4,Entreposage et services auxiliaires des transports,,
NA64,Activité économique en 64 postes (NA - A64),HZ5,Activités de poste et de courrier,,
NA64,Activité économique en 64 postes (NA - A64),IZ0,Hébergement et restauration,,
NA64,Activité économique en 64 postes (NA - A64),JA1,Edition,,
NA64,Activité économique en 64 postes (NA - A64),JA2,"Production de films cinématographiques, de vidéo et de programmes de télévision ; enregistrement sonore et édition musicale ; programmation et diffusion",,
NA64,Activité économique en 64 postes (NA - A64),JB0,Télécommunications,,
NA64,Activité économique en 64 postes (NA - A64),JC0,"Programmation, conseil et autres activités informatiques ; services d'information",,
NA64,Activité économique en 64 postes (NA - A64),KZ1,"Activités des services financiers, hors assurance et caisses de retraite",,
NA64,Activité économique en 64 postes (NA - A64),KZ2,Assurance,,
NA64,Activité économique en 64 postes (NA - A64),KZ3,Activités auxiliaires de services financiers et d'assurance,,
NA64,Activité économique en 64 postes (NA - A64),LZ0,Activités immobilières,,
NA64,Activité économique en 64 postes (NA - A64),MA1,Activités juridiques et comptables ; conseil de gestion ; activités des sièges sociaux,,
NA64,Activité économique en 64 postes (NA - A64),MA2,Activités d'architecture et d'ingénierie ; activités de contrôle et analyses techniques,,
NA64,Activité économique en 64 postes (NA - A64),MB0,Recherche-développement scientifique,,
NA64,Activité économique en 64 postes (NA - A64),MC1,Publicité et études de marché,,
NA64,Activité économique en 64 postes (NA - A64),MC2,"Autres activités spécialisées, scientifiques et techniques et activités vétérinaires",,
NA64,Activité économique en 64 postes (NA - A64),NZ1,Activités de location et location-bail,,
NA64,Activité économique en 64 postes (NA - A64),NZ2,Activités liées à l'emploi,,
NA64,Activité économique en 64 postes (NA - A64),NZ3,"Activités des agences de voyage, voyagistes, services de réservation et activités connexes",,
NA64,Activité économique en 64 postes (NA - A64),NZ4,Enquêtes et sécurité ; services relatifs aux bâtiments et aménagement paysager ; autres activités de soutien,,
NA64,Activité économique en 64 postes (NA - A64),OZ0,Administration publique et défense ; sécurité sociale obligatoire,,
NA64,Activité économique en 64 postes (NA - A64),PZ0,Enseignement,,
NA64,Activité économique en 64 postes (NA - A64),QA0,Activités pour la santé humaine,,
NA64,Activité économique en 64 postes (NA - A64),QB0,Hébergement médico-social et social et action sociale sans hébergement,,
NA64,Activité économique en 64 postes (NA - A64),RZ1,"Arts, divertissement et musées",,
NA64,Activité économique en 64 postes (NA - A64),RZ2,"Activités sportives, récréatives et de loisirs",,
NA64,Activité économique en 64 postes (NA - A64),SZ1,Activités des organisations associatives,,
NA64,Activité économique en 64 postes (NA - A64),SZ2,Réparation d'ordinateurs et de biens personnels et domestiques,,
NA64,Activité économique en 64 postes (NA - A64),SZ3,Autres services personnels,,
NA64,Activité économique en 64 postes (NA - A64),TZ0,Activités des ménages en tant qu'employeurs ; activités indifférenciées des ménages en tant que producteurs de biens et services pour usage propre,,
NA64,Activité économique en 64 postes (NA - A64),UZ0,Activités des organisations et organismes extraterritoriaux,,
NA88,Activité économique en 88 postes (NA - A88),01,"Culture et production animale, chasse et services annexes",,
NA88,Activité économique en 88 postes (NA - A88),02,Sylviculture et exploitation forestière,,
NA88,Activité économique en 88 postes (NA - A88),03,Pêche et aquaculture,,
NA88,Activité économique en 88 postes (NA - A88),05,Extraction de houille et de lignite,,
NA88,Activité économique en 88 postes (NA - A88),06,Extraction d'hydrocarbures,,
NA88,Activité économique en 88 postes (NA - A88),07,Extraction de minerais métalliques,,
NA88,Activité économique en 88 postes (NA - A88),08,Autres industries extractives,,
NA88,Activité économique en 88 postes (NA - A88),09,Services de soutien aux industries extractives,,
NA88,Activité économique en 88 postes (NA - A88),10,Industries alimentaires,,
NA88,Activité économique en 88 postes (NA - A88),11,Fabrication de boissons,,
NA88,Activité économique en 88 postes (NA - A88),12,Fabrication de produits à base de tabac,,
NA88,Activité économique en 88 postes (NA - A88),13,Fabrication de textiles,,
NA88,Activité économique en 88 postes (NA - A88),14,Industrie de l'habillement,,
NA88,Activité économique en 88 postes (NA - A88),15,Industrie du cuir et de la chaussure,,
NA88,Activité économique en 88 postes (NA - A88),16,"Travail du bois et fabrication d'articles en bois et en liège, à l'exception des meubles ; fabrication d'articles en vannerie et sparterie",,
NA88,Activité économique en 88 postes (NA - A88),17,Industrie du papier et du carton,,
NA88,Activité économique en 88 postes (NA - A88),18,Imprimerie et reproduction d'enregistrements,,
NA88,Activité économique en 88 postes (NA - A88),19,Cokéfaction et raffinage,,
NA88,Activité économique en 88 postes (NA - A88),20,Industrie chimique,,
NA88,Activité économique en 88 postes (NA - A88),21,Industrie pharmaceutique,,
NA88,Activité économique en 88 postes (NA - A88),22,Fabrication de produits en caoutchouc et en plastique,,
NA88,Activité économique en 88 postes (NA - A88),23,Fabrication d'autres produits minéraux non métalliques,,
NA88,Activité économique en 88 postes (NA - A88),24,Métallurgie,,
NA88,Activité économique en 88 postes (NA - A88),25,"Fabrication de produits métalliques, à l'exception des machines et des équipements",,
NA88,Activité économique en 88 postes (NA - A88),26,"Fabrication de produits informatiques, électroniques et optiques",,
NA88,Activité économique en 88 postes (NA - A88),27,Fabrication d'équipements électriques,,
NA88,Activité économique en 88 postes (NA - A88),28,Fabrication de machines et équipements n.c.a.,,
NA88,Activité économique en 88 postes (NA - A88),29,Industrie automobile,,
NA88,Activité économique en 88 postes (NA - A88),30,Fabrication d'autres matériels de transport,,
NA88,Activité économique en 88 postes (NA - A88),31,Fabrication de meubles,,
NA88,Activité économique en 88 postes (NA - A88),32,Autres industries manufacturières,,
NA88,Activité économique en 88 postes (NA - A88),33,Réparation et installation de machines et d'équipements,,
NA88,Activité économique en 88 postes (NA - A88),35,"Production et distribution d'électricité, de gaz, de vapeur et d'air conditionné",,
NA88,Activité économique en 88 postes (NA - A88),36,"Captage, traitement et distribution d'eau",,
NA88,Activité économique en 88 postes (NA - A88),37,Collecte et traitement des eaux usées,,
NA88,Activité économique en 88 postes (NA - A88),38,"Collecte, traitement et élimination des déchets ; récupération",,
NA88,Activité économique en 88 postes (NA - A88),39,Dépollution et autres services de gestion des déchets,,
NA88,Activité économique en 88 postes (NA - A88),41,Construction de bâtiments,,
NA88,Activité économique en 88 postes (NA - A88),42,Génie civil,,
NA88,Activité économique en 88 postes (NA - A88),43,Travaux de construction spécialisés,,
NA88,Activité économique en 88 postes (NA - A88),45,Commerce et réparation d'automobiles et de motocycles,,
NA88,Activité économique en 88 postes (NA - A88),46,"Commerce de gros, à l'exception des automobiles et des motocycles",,
NA88,Activité économique en 88 postes (NA - A88),47,"Commerce de détail, à l'exception des automobiles et des motocycles",,
NA88,Activité économique en 88 postes (NA - A88),49,Transports terrestres et transport par conduites,,
NA88,Activité économique en 88 postes (NA - A88),50,Transports par eau,,
NA88,Activité économique en 88 postes (NA - A88),51,Transports aériens,,
NA88,Activité économique en 88 postes (NA - A88),52,Entreposage et services auxiliaires des transports,,
NA88,Activité économique en 88 postes (NA - A88),53,Activités de poste et de courrier,,
NA88,Activité économique en 88 postes (NA - A88),55,Hébergement,,
NA88,Activité économique en 88 postes (NA - A88),56,Restauration,,
NA88,Activité économique en 88 postes (NA - A88),58,Édition,,
NA88,Activité économique en 88 postes (NA - A88),59,"Production de films cinématographiques, de vidéo et de programmes de télévision ; enregistrement sonore et édition musicale",,
NA88,Activité économique en 88 postes (NA - A88),60,Programmation et diffusion,,
NA88,Activité économique en 88 postes (NA - A88),61,Télécommunications,,
NA88,Activité économique en 88 postes (NA - A88),62,"Programmation, conseil et autres activités informatiques",,
NA88,Activité économique en 88 postes (NA - A88),63,Services d'information,,
NA88,Activité économique en 88 postes (NA - A88),64,"Activités des services financiers, hors assurance et caisses de retraite",,
NA88,Activité économique en 88 postes (NA - A88),65,Assurance,,
NA88,Activité économique en 88 postes (NA - A88),66,Activités auxiliaires de services financiers et d'assurance,,
NA88,Activité économique en 88 postes (NA - A88),68,Activités immobilières,,
NA88,Activité économique en 88 postes (NA - A88),69,Activités juridiques et comptables,,
NA88,Activité économique en 88 postes (NA - A88),70,Activités des sièges sociaux ; conseil de gestion,,
NA88,Activité économique en 88 postes (NA - A88),71,Activités d'architecture et d'ingénierie ; activités de contrôle et analyses techniques,,
NA88,Activité économique en 88 postes (NA - A88),72,Recherche-développement scientifique,,
NA88,Activité économique en 88 postes (NA - A88),73,Publicité et études de marché,,
NA88,Activité économique en 88 postes (NA - A88),74,"Autres activités spécialisées, scientifiques et techniques",,
NA88,Activité économique en 88 postes (NA - A88),75,Activités vétérinaires,,
NA88,Activité économique en 88 postes (NA - A88),77,Activités de location et location-bail,,
NA88,Activité économique en 88 postes (NA - A88),78,Activités liées à l'emploi,,
NA88,Activité économique en 88 postes (NA - A88),79,"Activités des agences de voyage, voyagistes, services de réservation et activités connexes",,
NA88,Activité économique en 88 postes (NA - A88),80,Enquêtes et sécurité,,
NA88,Activité économique en 88 postes (NA - A88),81,Services relatifs aux bâtiments et aménagement paysager,,
NA88,Activité économique en 88 postes (NA - A88),82,Activités administratives et autres activités de soutien aux entreprises,,
NA88,Activité économique en 88 postes (NA - A88),84,Administration publique et défense ; sécurité sociale obligatoire,,
NA88,Activité économique en 88 postes (NA - A88),85,Enseignement,,
NA88,Activité économique en 88 postes (NA - A88),86,Activités pour la santé humaine,,
NA88,Activité économique en 88 postes (NA - A88),87,Hébergement médico-social et social,,
NA88,Activité économique en 88 postes (NA - A88),88,Action sociale sans hébergement,,
NA88,Activité économique en 88 postes (NA - A88),90,"Activités créatives, artistiques et de spectacle",,
NA88,Activité économique en 88 postes (NA - A88),91,"Bibliothèques, archives, musées et autres activités culturelles",,
NA88,Activité économique en 88 postes (NA - A88),92,Organisation de jeux de hasard et d'argent,,
NA88,Activité économique en 88 postes (NA - A88),93,"Activités sportives, récréatives et de loisirs",,
NA88,Activité économique en 88 postes (NA - A88),94,Activités des organisations associatives,,
NA88,Activité économique en 88 postes (NA - A88),95,Réparation d'ordinateurs et de biens personnels et domestiques,,
NA88,Activité économique en 88 postes (NA - A88),96,Autres services personnels,,
NA88,Activité économique en 88 postes (NA - A88),97,Activités des ménages en tant qu'employeurs de personnel domestique,,
NA88,Activité économique en 88 postes (NA - A88),98,Activités indifférenciées des ménages en tant que producteurs de biens et services pour usage propre,,
NA88,Activité économique en 88 postes (NA - A88),99,Activités des organisations et organismes extraterritoriaux,,
REGLT,Région du lieu de travail,01,Guadeloupe,,
REGLT,Région du lieu de travail,02,Martinique,,
REGLT,Région du lieu de travail,03,Guyane,,
REGLT,Région du lieu de travail,04,La Réunion,,
REGLT,Région du lieu de travail,11,Île-de-France,,
REGLT,Région du lieu de travail,24,Centre-Val de Loire,,
REGLT,Région du lieu de travail,27,Bourgogne-Franche-Comté,,
REGLT,Région du lieu de travail,28,Normandie,,
REGLT,Région du lieu de travail,32,Hauts-de-France,,
REGLT,Région du lieu de travail,44,Grand Est,,
REGLT,Région du lieu de travail,52,Pays de la Loire,,
REGLT,Région du lieu de travail,53,Bretagne,,
REGLT,Région du lieu de travail,75,Nouvelle-Aquitaine,,
REGLT,Région du lieu de travail,76,Occitanie,,
REGLT,Région du lieu de travail,84,Auvergne-Rhône-Alpes,,
REGLT,Région du lieu de travail,93,Provence-Alpes-Côte d'Azur,,
REGLT,Région du lieu de travail,94,Corse,,
SEXE,Sexe,1,Hommes,,
SEXE,Sexe,2,Femmes,,
STAT,Statut professionnel,10,Salariés,,
STAT,Statut professionnel,21,Non salariés : Indépendants,,
STAT,Statut professionnel,22,Non salariés : Employeurs,,
STAT,Statut professionnel,23,Non salariés : Aides familiaux,,
TACTD16,Type d'activité détaillé en 16 postes,111,Actifs ayant un emploi exclusivement,,
TACTD16,Type d'activité détaillé en 16 postes,112,Actifs ayant un emploi s'étant déclaré chômeur,,
TACTD16,Type d'activité détaillé en 16 postes,113,Actifs ayant un emploi s'étant déclaré retraité,,
TACTD16,Type d'activité détaillé en 16 postes,114,Actifs ayant un emploi s'étant déclaré élève,,
TACTD16,Type d'activité détaillé en 16 postes,115,Actifs ayant un emploi s'étant déclaré homme ou femme au foyer,,
TACTD16,Type d'activité détaillé en 16 postes,116,Actifs ayant un emploi s'étant déclaré en autre situation,,
TP,Temps de travail,1,Temps complet,,
TP,Temps de travail,2,Temps partiel,,
TRANS,Mode de transport principal le plus souvent utilisé pour aller travailler,1,Pas de transport,,
TRANS,Mode de transport principal le plus souvent utilisé pour aller travailler,2,"Marche à pied (ou rollers, patinette)",,
TRANS,Mode de transport principal le plus souvent utilisé pour aller travailler,3,Vélo (y compris à assistance électrique),,
TRANS,Mode de transport principal le plus souvent utilisé pour aller travailler,4,Deux-roues motorisé,,
TRANS,Mode de transport principal le plus souvent utilisé pour aller travailler,5,"Voiture, camion, fourgonnette",,
TRANS,Mode de transport principal le plus souvent utilisé pour aller travailler,6,Transports en commun,,
ZELT,Zone d'emploi du lieu de travail,0051,Alençon (0051),,
ZELT,Zone d'emploi du lieu de travail,0052,Arles (0052),,
ZELT,Zone d'emploi du lieu de travail,0053,Avignon (0053),,
ZELT,Zone d'emploi du lieu de travail,0054,Beauvais (0054),,
ZELT,Zone d'emploi du lieu de travail,0055,Bollène-Pierrelatte (0055),,
ZELT,Zone d'emploi du lieu de travail,0056,Cosne-Cours-sur-Loire (0056),,
ZELT,Zone d'emploi du lieu de travail,0057,Dreux (0057),,
ZELT,Zone d'emploi du lieu de travail,0058,La Vallée de la Bresle-Vimeu (0058),,
ZELT,Zone d'emploi du lieu de travail,0059,Mâcon (0059),,
ZELT,Zone d'emploi du lieu de travail,0060,Nevers (0060),,
ZELT,Zone d'emploi du lieu de travail,0061,Nogent-le-Rotrou (0061),,
ZELT,Zone d'emploi du lieu de travail,0062,Redon (0062),,
ZELT,Zone d'emploi du lieu de travail,0063,Ussel (0063),,
ZELT,Zone d'emploi du lieu de travail,0064,Valréas (0064),,
ZELT,Zone d'emploi du lieu de travail,0101,Côte sous le vent (0101),,
ZELT,Zone d'emploi du lieu de travail,0102,Est Grande Terre (0102),,
ZELT,Zone d'emploi du lieu de travail,0103,Marie-Galante (0103),,
ZELT,Zone d'emploi du lieu de travail,0104,Région Pointoise (0104),,
ZELT,Zone d'emploi du lieu de travail,0105,Sud Basse-Terre (0105),,
ZELT,Zone d'emploi du lieu de travail,0201,Le Centre-Atlantique (0201),,
ZELT,Zone d'emploi du lieu de travail,0202,Le Centre agglomération (0202),,
ZELT,Zone d'emploi du lieu de travail,0203,Le Nord-Atlantique (0203),,
ZELT,Zone d'emploi du lieu de travail,0204,Le Nord-Caraibe (0204),,
ZELT,Zone d'emploi du lieu de travail,0205,Le Sud (0205),,
ZELT,Zone d'emploi du lieu de travail,0206,Le Sud-Caraibe (0206),,
ZELT,Zone d'emploi du lieu de travail,0301,Est-littoral (0301),,
ZELT,Zone d'emploi du lieu de travail,0302,Ouest-Guyanais (0302),,
ZELT,Zone d'emploi du lieu de travail,0303,Savanes (0303),,
ZELT,Zone d'emploi du lieu de travail,0401,L'Est (0401),,
ZELT,Zone d'emploi du lieu de travail,0402,L'Ouest (0402),,
ZELT,Zone d'emploi du lieu de travail,0403,Le Nord (0403),,
ZELT,Zone d'emploi du lieu de travail,0404,Le Sud (0404),,
ZELT,Zone d'emploi du lieu de travail,1101,Cergy-Vexin (1101),,
ZELT,Zone d'emploi du lieu de travail,1102,Coulommiers (1102),,
ZELT,Zone d'emploi du lieu de travail,1103,Etampes (1103),,
ZELT,Zone d'emploi du lieu de travail,1104,Evry (1104),,
ZELT,Zone d'emploi du lieu de travail,1105,Fontainebleau-Nemours (1105),,
ZELT,Zone d'emploi du lieu de travail,1106,Marne-la-Vallée (1106),,
ZELT,Zone d'emploi du lieu de travail,1107,Meaux (1107),,
ZELT,Zone d'emploi du lieu de travail,1108,Melun (1108),,
ZELT,Zone d'emploi du lieu de travail,1109,Paris (1109),,
ZELT,Zone d'emploi du lieu de travail,1110,Provins (1110),,
ZELT,Zone d'emploi du lieu de travail,1111,Rambouillet (1111),,
ZELT,Zone d'emploi du lieu de travail,1112,Roissy (1112),,
ZELT,Zone d'emploi du lieu de travail,1113,Saclay (1113),,
ZELT,Zone d'emploi du lieu de travail,1114,Seine-Yvelinoise (1114),,
ZELT,Zone d'emploi du lieu de travail,1115,Versailles-Saint-Quentin (1115),,
ZELT,Zone d'emploi du lieu de travail,2401,Blois (2401),,
ZELT,Zone d'emploi du lieu de travail,2402,Bourges (2402),,
ZELT,Zone d'emploi du lieu de travail,2403,Chartres (2403),,
ZELT,Zone d'emploi du lieu de travail,2404,Châteaudun (2404),,
ZELT,Zone d'emploi du lieu de travail,2405,Châteauroux (2405),,
ZELT,Zone d'emploi du lieu de travail,2406,Chinon (2406),,
ZELT,Zone d'emploi du lieu de travail,2407,Gien (2407),,
ZELT,Zone d'emploi du lieu de travail,2408,Loches (2408),,
ZELT,Zone d'emploi du lieu de travail,2409,Montargis (2409),,
ZELT,Zone d'emploi du lieu de travail,2410,Orléans (2410),,
ZELT,Zone d'emploi du lieu de travail,2411,Pithiviers (2411),,
ZELT,Zone d'emploi du lieu de travail,2412,Romorantin-Lanthenay (2412),,
ZELT,Zone d'emploi du lieu de travail,2413,Tours (2413),,
ZELT,Zone d'emploi du lieu de travail,2414,Vendôme (2414),,
ZELT,Zone d'emploi du lieu de travail,2415,Vierzon (2415),,
ZELT,Zone d'emploi du lieu de travail,2701,Autun (2701),,
ZELT,Zone d'emploi du lieu de travail,2702,Auxerre (2702),,
ZELT,Zone d'emploi du lieu de travail,2703,Avallon (2703),,
ZELT,Zone d'emploi du lieu de travail,2704,Beaune (2704),,
ZELT,Zone d'emploi du lieu de travail,2705,Belfort (2705),,
ZELT,Zone d'emploi du lieu de travail,2706,Besançon (2706),,
ZELT,Zone d'emploi du lieu de travail,2707,Chalon-sur-Saône (2707),,
ZELT,Zone d'emploi du lieu de travail,2708,Charolais (2708),,
ZELT,Zone d'emploi du lieu de travail,2709,Châtillon-Montbard (2709),,
ZELT,Zone d'emploi du lieu de travail,2710,Creusot-Montceau (2710),,
ZELT,Zone d'emploi du lieu de travail,2711,Dijon (2711),,
ZELT,Zone d'emploi du lieu de travail,2712,Dole (2712),,
ZELT,Zone d'emploi du lieu de travail,2713,Lons-le-Saunier (2713),,
ZELT,Zone d'emploi du lieu de travail,2714,Montbéliard (2714),,
ZELT,Zone d'emploi du lieu de travail,2715,Pontarlier (2715),,
ZELT,Zone d'emploi du lieu de travail,2716,Saint-Claude (2716),,
ZELT,Zone d'emploi du lieu de travail,2717,Sens (2717),,
ZELT,Zone d'emploi du lieu de travail,2718,Vesoul (2718),,
ZELT,Zone d'emploi du lieu de travail,2801,Argentan (2801),,
ZELT,Zone d'emploi du lieu de travail,2802,Avranches (2802),,
ZELT,Zone d'emploi du lieu de travail,2803,Bernay (2803),,
ZELT,Zone d'emploi du lieu de travail,2804,Caen (2804),,
ZELT,Zone d'emploi du lieu de travail,2805,Cherbourg en Cotentin (2805),,
ZELT,Zone d'emploi du lieu de travail,2806,Coutances (2806),,
ZELT,Zone d'emploi du lieu de travail,2807,Dieppe-Caux maritime (2807),,
ZELT,Zone d'emploi du lieu de travail,2808,Evreux (2808),,
ZELT,Zone d'emploi du lieu de travail,2809,Flers (2809),,
ZELT,Zone d'emploi du lieu de travail,2810,Granville (2810),,
ZELT,Zone d'emploi du lieu de travail,2811,Honfleur Pont-Audemer (2811),,
ZELT,Zone d'emploi du lieu de travail,2812,L'Aigle (2812),,
ZELT,Zone d'emploi du lieu de travail,2813,Le Havre (2813),,
ZELT,Zone d'emploi du lieu de travail,2814,Lisieux (2814),,
ZELT,Zone d'emploi du lieu de travail,2815,Rouen (2815),,
ZELT,Zone d'emploi du lieu de travail,2816,Saint-Lô (2816),,
ZELT,Zone d'emploi du lieu de travail,2817,Vernon-Gisors (2817),,
ZELT,Zone d'emploi du lieu de travail,2818,Vire Normandie (2818),,
ZELT,Zone d'emploi du lieu de travail,2819,Yvetot-Vallée du Commerce (2819),,
ZELT,Zone d'emploi du lieu de travail,3201,Abbeville (3201),,
ZELT,Zone d'emploi du lieu de travail,3202,Amiens (3202),,
ZELT,Zone d'emploi du lieu de travail,3203,Arras (3203),,
ZELT,Zone d'emploi du lieu de travail,3204,Berck (3204),,
ZELT,Zone d'emploi du lieu de travail,3205,Béthune (3205),,
ZELT,Zone d'emploi du lieu de travail,3206,Boulogne-sur-Mer (3206),,
ZELT,Zone d'emploi du lieu de travail,3207,Calais (3207),,
ZELT,Zone d'emploi du lieu de travail,3208,Cambrai (3208),,
ZELT,Zone d'emploi du lieu de travail,3209,Château-Thierry (3209),,
ZELT,Zone d'emploi du lieu de travail,3210,Compiègne (3210),,
ZELT,Zone d'emploi du lieu de travail,3211,Creil (3211),,
ZELT,Zone d'emploi du lieu de travail,3212,Douai (3212),,
ZELT,Zone d'emploi du lieu de travail,3213,Dunkerque (3213),,
ZELT,Zone d'emploi du lieu de travail,3214,Laon (3214),,
ZELT,Zone d'emploi du lieu de travail,3215,Lens (3215),,
ZELT,Zone d'emploi du lieu de travail,3216,Lille (3216),,
ZELT,Zone d'emploi du lieu de travail,3217,Maubeuge (3217),,
ZELT,Zone d'emploi du lieu de travail,3218,Roubaix-Tourcoing (3218),,
ZELT,Zone d'emploi du lieu de travail,3219,Saint-Omer (3219),,
ZELT,Zone d'emploi du lieu de travail,3220,Saint-Quentin (3220),,
ZELT,Zone d'emploi du lieu de travail,3221,Soissons (3221),,
ZELT,Zone d'emploi du lieu de travail,3222,Valenciennes (3222),,
ZELT,Zone d'emploi du lieu de travail,4401,Bar-le-Duc (4401),,
ZELT,Zone d'emploi du lieu de travail,4402,Châlons-en-Champagne (4402),,
ZELT,Zone d'emploi du lieu de travail,4403,Charleville-Mézières (4403),,
ZELT,Zone d'emploi du lieu de travail,4404,Chaumont (4404),,
ZELT,Zone d'emploi du lieu de travail,4405,Colmar (4405),,
ZELT,Zone d'emploi du lieu de travail,4406,Épernay (4406),,
ZELT,Zone d'emploi du lieu de travail,4407,Épinal (4407),,
ZELT,Zone d'emploi du lieu de travail,4408,Forbach (4408),,
ZELT,Zone d'emploi du lieu de travail,4409,Haguenau (4409),,
ZELT,Zone d'emploi du lieu de travail,4410,Metz (4410),,
ZELT,Zone d'emploi du lieu de travail,4411,Mulhouse (4411),,
ZELT,Zone d'emploi du lieu de travail,4412,Nancy (4412),,
ZELT,Zone d'emploi du lieu de travail,4413,Reims (4413),,
ZELT,Zone d'emploi du lieu de travail,4414,Remiremont (4414),,
ZELT,Zone d'emploi du lieu de travail,4415,Romilly-sur-Seine (4415),,
ZELT,Zone d'emploi du lieu de travail,4416,Saint-Avold (4416),,
ZELT,Zone d'emploi du lieu de travail,4417,Saint-Dié-des-Vosges (4417),,
ZELT,Zone d'emploi du lieu de travail,4418,Saint-Louis (4418),,
ZELT,Zone d'emploi du lieu de travail,4419,Sarrebourg (4419),,
ZELT,Zone d'emploi du lieu de travail,4420,Sarreguemines (4420),,
ZELT,Zone d'emploi du lieu de travail,4421,Sedan (4421),,
ZELT,Zone d'emploi du lieu de travail,4422,Sélestat (4422),,
ZELT,Zone d'emploi du lieu de travail,4423,Strasbourg (4423),,
ZELT,Zone d'emploi du lieu de travail,4424,Thionville (4424),,
ZELT,Zone d'emploi du lieu de travail,4425,Troyes (4425),,
ZELT,Zone d'emploi du lieu de travail,4426,Verdun (4426),,
ZELT,Zone d'emploi du lieu de travail,4427,Vitry-le-François Saint-Dizier (4427),,
ZELT,Zone d'emploi du lieu de travail,5201,Ancenis (5201),,
ZELT,Zone d'emploi du lieu de travail,5202,Angers (5202),,
ZELT,Zone d'emploi du lieu de travail,5203,Challans (5203),,
ZELT,Zone d'emploi du lieu de travail,5204,Château-Gontier (5204),,
ZELT,Zone d'emploi du lieu de travail,5205,Châteaubriant (5205),,
ZELT,Zone d'emploi du lieu de travail,5206,Cholet (5206),,
ZELT,Zone d'emploi du lieu de travail,5207,Fontenay-le-Comte (5207),,
ZELT,Zone d'emploi du lieu de travail,5208,La Ferté-Bernard (5208),,
ZELT,Zone d'emploi du lieu de travail,5209,La Flèche (5209),,
ZELT,Zone d'emploi du lieu de travail,5210,La Roche-sur-Yon (5210),,
ZELT,Zone d'emploi du lieu de travail,5211,Laval (5211),,
ZELT,Zone d'emploi du lieu de travail,5212,Le Mans (5212),,
ZELT,Zone d'emploi du lieu de travail,5213,Les Herbiers-Montaigu (5213),,
ZELT,Zone d'emploi du lieu de travail,5214,Les Sables-d'Olonne (5214),,
ZELT,Zone d'emploi du lieu de travail,5215,Mayenne (5215),,
ZELT,Zone d'emploi du lieu de travail,5216,Nantes (5216),,
ZELT,Zone d'emploi du lieu de travail,5217,Pornic (5217),,
ZELT,Zone d'emploi du lieu de travail,5218,Sablé-sur-Sarthe (5218),,
ZELT,Zone d'emploi du lieu de travail,5219,Saint-Nazaire (5219),,
ZELT,Zone d'emploi du lieu de travail,5220,Saumur (5220),,
ZELT,Zone d'emploi du lieu de travail,5221,Segré-en-Anjou Bleu (5221),,
ZELT,Zone d'emploi du lieu de travail,5301,Auray (5301),,
ZELT,Zone d'emploi du lieu de travail,5302,Brest (5302),,
ZELT,Zone d'emploi du lieu de travail,5303,Carhaix-Plouguer (5303),,
ZELT,Zone d'emploi du lieu de travail,5304,Dinan (5304),,
ZELT,Zone d'emploi du lieu de travail,5305,Fougères (5305),,
ZELT,Zone d'emploi du lieu de travail,5306,Guingamp (5306),,
ZELT,Zone d'emploi du lieu de travail,5307,Lamballe-Armor (5307),,
ZELT,Zone d'emploi du lieu de travail,5308,Lannion (5308),,
ZELT,Zone d'emploi du lieu de travail,5309,Lorient (5309),,
ZELT,Zone d'emploi du lieu de travail,5310,Morlaix (5310),,
ZELT,Zone d'emploi du lieu de travail,5311,Ploërmel (5311),,
ZELT,Zone d'emploi du lieu de travail,5312,Pontivy-Loudéac (5312),,
ZELT,Zone d'emploi du lieu de travail,5313,Quimper (5313),,
ZELT,Zone d'emploi du lieu de travail,5314,Quimperlé (5314),,
ZELT,Zone d'emploi du lieu de travail,5315,Rennes (5315),,
ZELT,Zone d'emploi du lieu de travail,5316,Saint-Brieuc (5316),,
ZELT,Zone d'emploi du lieu de travail,5317,Saint-Malo (5317),,
ZELT,Zone d'emploi du lieu de travail,5318,Vannes (5318),,
ZELT,Zone d'emploi du lieu de travail,5319,Vitré (5319),,
ZELT,Zone d'emploi du lieu de travail,7501,Agen (7501),,
ZELT,Zone d'emploi du lieu de travail,7502,Angoulême (7502),,
ZELT,Zone d'emploi du lieu de travail,7503,Bayonne (7503),,
ZELT,Zone d'emploi du lieu de travail,7504,Bergerac (7504),,
ZELT,Zone d'emploi du lieu de travail,7505,Bordeaux (7505),,
ZELT,Zone d'emploi du lieu de travail,7506,Bressuire (7506),,
ZELT,Zone d'emploi du lieu de travail,7507,Brive-la-Gaillarde (7507),,
ZELT,Zone d'emploi du lieu de travail,7508,Châtellerault (7508),,
ZELT,Zone d'emploi du lieu de travail,7509,Cognac (7509),,
ZELT,Zone d'emploi du lieu de travail,7510,Dax (7510),,
ZELT,Zone d'emploi du lieu de travail,7511,Guéret (7511),,
ZELT,Zone d'emploi du lieu de travail,7512,La Rochelle (7512),,
ZELT,Zone d'emploi du lieu de travail,7513,La Teste-de-Buch (7513),,
ZELT,Zone d'emploi du lieu de travail,7514,Langon (7514),,
ZELT,Zone d'emploi du lieu de travail,7515,Lesparre-Médoc (7515),,
ZELT,Zone d'emploi du lieu de travail,7516,Libourne (7516),,
ZELT,Zone d'emploi du lieu de travail,7517,Limoges (7517),,
ZELT,Zone d'emploi du lieu de travail,7518,Marmande (7518),,
ZELT,Zone d'emploi du lieu de travail,7519,Mont-de-Marsan (7519),,
ZELT,Zone d'emploi du lieu de travail,7520,Niort (7520),,
ZELT,Zone d'emploi du lieu de travail,7521,Oloron-Sainte-Marie (7521),,
ZELT,Zone d'emploi du lieu de travail,7522,Pau (7522),,
ZELT,Zone d'emploi du lieu de travail,7523,Périgueux (7523),,
ZELT,Zone d'emploi du lieu de travail,7524,Poitiers (7524),,
ZELT,Zone d'emploi du lieu de travail,7525,Rochefort (7525),,
ZELT,Zone d'emploi du lieu de travail,7526,Royan (7526),,
ZELT,Zone d'emploi du lieu de travail,7527,Saint-Junien (7527),,
ZELT,Zone d'emploi du lieu de travail,7528,Saintes (7528),,
ZELT,Zone d'emploi du lieu de travail,7529,Sarlat-La-Canéda (7529),,
ZELT,Zone d'emploi du lieu de travail,7530,Thouars (7530),,
ZELT,Zone d'emploi du lieu de travail,7531,Tulle (7531),,
ZELT,Zone d'emploi du lieu de travail,7532,Villeneuve-sur-Lot (7532),,
ZELT,Zone d'emploi du lieu de travail,7601,Agde-Pézenas (7601),,
ZELT,Zone d'emploi du lieu de travail,7602,Albi (7602),,
ZELT,Zone d'emploi du lieu de travail,7603,Alès-Le Vigan (7603),,
ZELT,Zone d'emploi du lieu de travail,7604,Auch (7604),,
ZELT,Zone d'emploi du lieu de travail,7605,Bagnols-sur-Cèze (7605),,
ZELT,Zone d'emploi du lieu de travail,7606,Béziers (7606),,
ZELT,Zone d'emploi du lieu de travail,7607,Cahors (7607),,
ZELT,Zone d'emploi du lieu de travail,7608,Carcassonne-Limoux (7608),,
ZELT,Zone d'emploi du lieu de travail,7609,Castelsarrasin-Moissac (7609),,
ZELT,Zone d'emploi du lieu de travail,7610,Castres-Mazamet (7610),,
ZELT,Zone d'emploi du lieu de travail,7611,Figeac-Villefranche (7611),,
ZELT,Zone d'emploi du lieu de travail,7612,Foix-Pamiers (7612),,
ZELT,Zone d'emploi du lieu de travail,7613,Mende (7613),,
ZELT,Zone d'emploi du lieu de travail,7614,Millau (7614),,
ZELT,Zone d'emploi du lieu de travail,7615,Montauban (7615),,
ZELT,Zone d'emploi du lieu de travail,7616,Montpellier (7616),,
ZELT,Zone d'emploi du lieu de travail,7617,Narbonne (7617),,
ZELT,Zone d'emploi du lieu de travail,7618,Nîmes (7618),,
ZELT,Zone d'emploi du lieu de travail,7619,Nord-du-Lot (7619),,
ZELT,Zone d'emploi du lieu de travail,7620,Perpignan (7620),,
ZELT,Zone d'emploi du lieu de travail,7621,Rodez (7621),,
ZELT,Zone d'emploi du lieu de travail,7622,Saint-Gaudens (7622),,
ZELT,Zone d'emploi du lieu de travail,7623,Sète (7623),,
ZELT,Zone d'emploi du lieu de travail,7624,Tarbes-Lourdes (7624),,
ZELT,Zone d'emploi du lieu de travail,7625,Toulouse (7625),,
ZELT,Zone d'emploi du lieu de travail,8401,Annecy (8401),,
ZELT,Zone d'emploi du lieu de travail,8402,Aubenas (8402),,
ZELT,Zone d'emploi du lieu de travail,8403,Aurillac (8403),,
ZELT,Zone d'emploi du lieu de travail,8404,Belley (8404),,
ZELT,Zone d'emploi du lieu de travail,8405,Bourg en Bresse (8405),,
ZELT,Zone d'emploi du lieu de travail,8406,Bourgoin-Jallieu (8406),,
ZELT,Zone d'emploi du lieu de travail,8407,Chambéry (8407),,
ZELT,Zone d'emploi du lieu de travail,8408,Clermont-Ferrand (8408),,
ZELT,Zone d'emploi du lieu de travail,8409,Grenoble (8409),,
ZELT,Zone d'emploi du lieu de travail,8410,Issoire (8410),,
ZELT,Zone d'emploi du lieu de travail,8411,La Maurienne (8411),,
ZELT,Zone d'emploi du lieu de travail,8412,La Plaine du Forez (8412),,
ZELT,Zone d'emploi du lieu de travail,8413,La Tarentaise (8413),,
ZELT,Zone d'emploi du lieu de travail,8414,La Vallée de l'Arve (8414),,
ZELT,Zone d'emploi du lieu de travail,8415,Le Chablais (8415),,
ZELT,Zone d'emploi du lieu de travail,8416,Le Genevois Français (8416),,
ZELT,Zone d'emploi du lieu de travail,8417,Le Livradois (8417),,
ZELT,Zone d'emploi du lieu de travail,8418,Le Mont Blanc (8418),,
ZELT,Zone d'emploi du lieu de travail,8419,Le Puy en Velay (8419),,
ZELT,Zone d'emploi du lieu de travail,8420,Les Sources de la Loire (8420),,
ZELT,Zone d'emploi du lieu de travail,8421,Lyon (8421),,
ZELT,Zone d'emploi du lieu de travail,8422,Montélimar (8422),,
ZELT,Zone d'emploi du lieu de travail,8423,Montluçon (8423),,
ZELT,Zone d'emploi du lieu de travail,8424,Moulins (8424),,
ZELT,Zone d'emploi du lieu de travail,8425,Oyonnax (8425),,
ZELT,Zone d'emploi du lieu de travail,8426,Roanne (8426),,
ZELT,Zone d'emploi du lieu de travail,8427,Romans sur Isère (8427),,
ZELT,Zone d'emploi du lieu de travail,8428,Saint Etienne (8428),,
ZELT,Zone d'emploi du lieu de travail,8429,Saint Flour (8429),,
ZELT,Zone d'emploi du lieu de travail,8430,Tarare (8430),,
ZELT,Zone d'emploi du lieu de travail,8431,Valence (8431),,
ZELT,Zone d'emploi du lieu de travail,8432,Vichy (8432),,
ZELT,Zone d'emploi du lieu de travail,8433,Vienne-Annonay (8433),,
ZELT,Zone d'emploi du lieu de travail,8434,Villefranche-sur-Saône (8434),,
ZELT,Zone d'emploi du lieu de travail,8435,Voiron (8435),,
ZELT,Zone d'emploi du lieu de travail,9301,Aix-en-Provence (9301),,
ZELT,Zone d'emploi du lieu de travail,9302,Briançon (9302),,
ZELT,Zone d'emploi du lieu de travail,9303,Brignoles (9303),,
ZELT,Zone d'emploi du lieu de travail,9304,Cannes (9304),,
ZELT,Zone d'emploi du lieu de travail,9305,Carpentras (9305),,
ZELT,Zone d'emploi du lieu de travail,9306,Cavaillon (9306),,
ZELT,Zone d'emploi du lieu de travail,9307,Digne-les-Bains (9307),,
ZELT,Zone d'emploi du lieu de travail,9308,Draguignan (9308),,
ZELT,Zone d'emploi du lieu de travail,9309,Fréjus (9309),,
ZELT,Zone d'emploi du lieu de travail,9310,Gap (9310),,
ZELT,Zone d'emploi du lieu de travail,9311,Manosque (9311),,
ZELT,Zone d'emploi du lieu de travail,9312,Marseille (9312),,
ZELT,Zone d'emploi du lieu de travail,9313,Martigues-Salon (9313),,
ZELT,Zone d'emploi du lieu de travail,9314,Menton (9314),,
ZELT,Zone d'emploi du lieu de travail,9315,Nice (9315),,
ZELT,Zone d'emploi du lieu de travail,9316,Orange (9316),,
ZELT,Zone d'emploi du lieu de travail,9317,Sainte-Maxime (9317),,
ZELT,Zone d'emploi du lieu de travail,9318,Toulon (9318),,
ZELT,Zone d'emploi du lieu de travail,9401,Ajaccio (9401),,
ZELT,Zone d'emploi du lieu de travail,9402,Bastia (9402),,
ZELT,Zone d'emploi du lieu de travail,9403,Calvi (9403),,
ZELT,Zone d'emploi du lieu de travail,9404,Corte (9404),,
ZELT,Zone d'emploi du lieu de travail,9405,Ghisonaccia (9405),,
ZELT,Zone d'emploi du lieu de travail,9406,Porto-Vecchio (9406),,
ZELT,Zone d'emploi du lieu de travail,9407,Propriano (9407),,
